,fileName,plantStatus,plantHeight
0,imaging_lens_position_7.0_cam_0_1732127402.jpg,True,175
1,imaging_lens_position_7.0_cam_0_1731936602.jpg,True,113
2,imaging_lens_position_7.0_cam_0_1731367802.jpg,False,0
3,imaging_lens_position_7.0_cam_0_1733103002.jpg,True,952
4,imaging_lens_position_7.0_cam_0_1732066202.jpg,True,139
5,imaging_lens_position_7.0_cam_0_1731382202.jpg,False,0
6,imaging_lens_position_7.0_cam_0_1732761002.jpg,True,599
7,imaging_lens_position_7.0_cam_0_1731918602.jpg,True,243
8,imaging_lens_position_7.0_cam_0_1731735002.jpg,False,0
9,imaging_lens_position_7.0_cam_0_1732408202.jpg,True,155
10,imaging_lens_position_7.0_cam_0_1731990602.jpg,True,158
11,imaging_lens_position_7.0_cam_0_1732419002.jpg,True,369
12,imaging_lens_position_7.0_cam_0_1732588202.jpg,True,567
13,imaging_lens_position_7.0_cam_0_1731688202.jpg,True,77
14,imaging_lens_position_7.0_cam_0_1731717002.jpg,False,0
15,imaging_lens_position_7.0_cam_0_1733041802.jpg,True,928
16,imaging_lens_position_7.0_cam_0_1733038202.jpg,True,1530
17,imaging_lens_position_7.0_cam_0_1733286602.jpg,True,1772
18,imaging_lens_position_7.0_cam_0_1731972602.jpg,True,144
19,imaging_lens_position_7.0_cam_0_1731256202.jpg,False,0
20,imaging_lens_position_7.0_cam_0_1731130202.jpg,False,0
21,imaging_lens_position_7.0_cam_0_1731659402.jpg,False,0
22,imaging_lens_position_7.0_cam_0_1732617002.jpg,True,564
23,imaging_lens_position_7.0_cam_0_1731205802.jpg,False,0
24,imaging_lens_position_7.0_cam_0_1731324602.jpg,False,0
25,imaging_lens_position_7.0_cam_0_1732631402.jpg,True,848
26,imaging_lens_position_7.0_cam_0_1733236202.jpg,True,869
27,imaging_lens_position_7.0_cam_0_1732865402.jpg,True,821
28,imaging_lens_position_7.0_cam_0_1731979802.jpg,True,140
29,imaging_lens_position_7.0_cam_0_1731947402.jpg,True,102
30,imaging_lens_position_7.0_cam_0_1732714202.jpg,True,860
31,imaging_lens_position_7.0_cam_0_1731087002.jpg,False,0
32,imaging_lens_position_7.0_cam_0_1731069002.jpg,False,0
33,imaging_lens_position_7.0_cam_0_1732203002.jpg,True,204
34,imaging_lens_position_7.0_cam_0_1732915802.jpg,True,212
35,imaging_lens_position_7.0_cam_0_1731051002.jpg,False,0
36,imaging_lens_position_7.0_cam_0_1731738602.jpg,True,83
37,imaging_lens_position_7.0_cam_0_1732314602.jpg,True,177
38,imaging_lens_position_7.0_cam_0_1732584602.jpg,True,687
39,imaging_lens_position_7.0_cam_0_1733185802.jpg,True,1600
40,imaging_lens_position_7.0_cam_0_1732527002.jpg,True,554
41,imaging_lens_position_7.0_cam_0_1733142602.jpg,True,773
42,imaging_lens_position_7.0_cam_0_1731799802.jpg,True,148
43,imaging_lens_position_7.0_cam_0_1732177802.jpg,True,186
44,imaging_lens_position_7.0_cam_0_1731411002.jpg,False,0
45,imaging_lens_position_7.0_cam_0_1732977002.jpg,True,688
46,imaging_lens_position_7.0_cam_0_1732005002.jpg,True,112
47,imaging_lens_position_7.0_cam_0_1732822202.jpg,True,204
48,imaging_lens_position_7.0_cam_0_1731483002.jpg,False,0
49,imaging_lens_position_7.0_cam_0_1732919402.jpg,True,840
50,imaging_lens_position_7.0_cam_0_1732699802.jpg,True,511
51,imaging_lens_position_7.0_cam_0_1731011402.jpg,False,0
52,imaging_lens_position_7.0_cam_0_1732239002.jpg,True,150
53,imaging_lens_position_7.0_cam_0_1732231802.jpg,True,193
54,imaging_lens_position_7.0_cam_0_1731857402.jpg,True,134
55,imaging_lens_position_7.0_cam_0_1731666602.jpg,False,0
56,imaging_lens_position_7.0_cam_0_1733203802.jpg,True,1726
57,imaging_lens_position_7.0_cam_0_1733290202.jpg,True,1771
58,imaging_lens_position_7.0_cam_0_1732519802.jpg,True,616
59,imaging_lens_position_7.0_cam_0_1732951802.jpg,True,587
60,imaging_lens_position_7.0_cam_0_1731115802.jpg,False,0
61,imaging_lens_position_7.0_cam_0_1731029402.jpg,False,0
62,imaging_lens_position_7.0_cam_0_1731159002.jpg,False,0
63,imaging_lens_position_7.0_cam_0_1732645802.jpg,True,541
64,imaging_lens_position_7.0_cam_0_1731627002.jpg,False,0
65,imaging_lens_position_7.0_cam_0_1732105802.jpg,True,163
66,imaging_lens_position_7.0_cam_0_1732854602.jpg,True,610
67,imaging_lens_position_7.0_cam_0_1731699002.jpg,False,0
68,imaging_lens_position_7.0_cam_0_1732170602.jpg,True,174
69,imaging_lens_position_7.0_cam_0_1732858202.jpg,True,613
70,imaging_lens_position_7.0_cam_0_1733095802.jpg,True,900
71,imaging_lens_position_7.0_cam_0_1732213802.jpg,True,204
72,imaging_lens_position_7.0_cam_0_1731853802.jpg,True,118
73,imaging_lens_position_7.0_cam_0_1733124602.jpg,True,1419
74,imaging_lens_position_7.0_cam_0_1731238202.jpg,False,0
75,imaging_lens_position_7.0_cam_0_1731501002.jpg,False,0
76,imaging_lens_position_7.0_cam_0_1732570202.jpg,True,182
77,imaging_lens_position_7.0_cam_0_1732516202.jpg,True,525
78,imaging_lens_position_7.0_cam_0_1732055402.jpg,True,103
79,imaging_lens_position_7.0_cam_0_1731619802.jpg,False,0
80,imaging_lens_position_7.0_cam_0_1732555802.jpg,True,615
81,imaging_lens_position_7.0_cam_0_1732894202.jpg,True,893
82,imaging_lens_position_7.0_cam_0_1731407402.jpg,False,0
83,imaging_lens_position_7.0_cam_0_1732404602.jpg,True,394
84,imaging_lens_position_7.0_cam_0_1732483802.jpg,True,182
85,imaging_lens_position_7.0_cam_0_1731583802.jpg,False,0
86,imaging_lens_position_7.0_cam_0_1732825802.jpg,True,501
87,imaging_lens_position_7.0_cam_0_1732775402.jpg,True,396
88,imaging_lens_position_7.0_cam_0_1733164202.jpg,True,1202
89,imaging_lens_position_7.0_cam_0_1733171402.jpg,True,1048
90,imaging_lens_position_7.0_cam_0_1733146202.jpg,True,795
91,imaging_lens_position_7.0_cam_0_1731040202.jpg,False,0
92,imaging_lens_position_7.0_cam_0_1732559402.jpg,True,199
93,imaging_lens_position_7.0_cam_0_1731933002.jpg,True,114
94,imaging_lens_position_7.0_cam_0_1732195802.jpg,True,163
95,imaging_lens_position_7.0_cam_0_1732642202.jpg,True,185
96,imaging_lens_position_7.0_cam_0_1731267002.jpg,False,0
97,imaging_lens_position_7.0_cam_0_1731954602.jpg,True,147
98,imaging_lens_position_7.0_cam_0_1732728602.jpg,True,885
99,imaging_lens_position_7.0_cam_0_1732548602.jpg,True,653
100,imaging_lens_position_7.0_cam_0_1731969002.jpg,True,142
101,imaging_lens_position_7.0_cam_0_1731328202.jpg,False,0
102,imaging_lens_position_7.0_cam_0_1731879002.jpg,True,158
103,imaging_lens_position_7.0_cam_0_1732505402.jpg,True,194
104,imaging_lens_position_7.0_cam_0_1733254202.jpg,True,1446
105,imaging_lens_position_7.0_cam_0_1731943802.jpg,True,178
106,imaging_lens_position_7.0_cam_0_1731871802.jpg,True,161
107,imaging_lens_position_7.0_cam_0_1732087802.jpg,True,198
108,imaging_lens_position_7.0_cam_0_1732689002.jpg,True,510
109,imaging_lens_position_7.0_cam_0_1732120202.jpg,True,143
110,imaging_lens_position_7.0_cam_0_1731940202.jpg,True,168
111,imaging_lens_position_7.0_cam_0_1731493802.jpg,False,0
112,imaging_lens_position_7.0_cam_0_1732285802.jpg,True,376
113,imaging_lens_position_7.0_cam_0_1731184202.jpg,False,0
114,imaging_lens_position_7.0_cam_0_1732077002.jpg,True,216
115,imaging_lens_position_7.0_cam_0_1732282202.jpg,True,176
116,imaging_lens_position_7.0_cam_0_1732879802.jpg,True,210
117,imaging_lens_position_7.0_cam_0_1731378602.jpg,False,0
118,imaging_lens_position_7.0_cam_0_1731562202.jpg,False,0
119,imaging_lens_position_7.0_cam_0_1732530602.jpg,True,653
120,imaging_lens_position_7.0_cam_0_1731558602.jpg,False,0
121,imaging_lens_position_7.0_cam_0_1731468602.jpg,False,0
122,imaging_lens_position_7.0_cam_0_1731375002.jpg,False,0
123,imaging_lens_position_7.0_cam_0_1731105002.jpg,False,0
124,imaging_lens_position_7.0_cam_0_1732095002.jpg,True,159
125,imaging_lens_position_7.0_cam_0_1733070602.jpg,True,1077
126,imaging_lens_position_7.0_cam_0_1732347002.jpg,True,449
127,imaging_lens_position_7.0_cam_0_1731097802.jpg,False,0
128,imaging_lens_position_7.0_cam_0_1732199402.jpg,True,188
129,imaging_lens_position_7.0_cam_0_1733052602.jpg,True,918
130,imaging_lens_position_7.0_cam_0_1732393802.jpg,True,448
131,imaging_lens_position_7.0_cam_0_1731400202.jpg,False,0
132,imaging_lens_position_7.0_cam_0_1731850202.jpg,True,145
133,imaging_lens_position_7.0_cam_0_1731191402.jpg,False,0
134,imaging_lens_position_7.0_cam_0_1732264202.jpg,True,408
135,imaging_lens_position_7.0_cam_0_1731886202.jpg,True,157
136,imaging_lens_position_7.0_cam_0_1732275002.jpg,True,163
137,imaging_lens_position_7.0_cam_0_1733243402.jpg,True,1214
138,imaging_lens_position_7.0_cam_0_1731335402.jpg,False,0
139,imaging_lens_position_7.0_cam_0_1732995002.jpg,True,197
140,imaging_lens_position_7.0_cam_0_1732840202.jpg,True,191
141,imaging_lens_position_7.0_cam_0_1732397402.jpg,True,426
142,imaging_lens_position_7.0_cam_0_1731360602.jpg,False,0
143,imaging_lens_position_7.0_cam_0_1733157002.jpg,True,1223
144,imaging_lens_position_7.0_cam_0_1731364202.jpg,False,0
145,imaging_lens_position_7.0_cam_0_1732494602.jpg,True,585
146,imaging_lens_position_7.0_cam_0_1732901402.jpg,True,886
147,imaging_lens_position_7.0_cam_0_1731331802.jpg,False,0
148,imaging_lens_position_7.0_cam_0_1732260602.jpg,True,205
149,imaging_lens_position_7.0_cam_0_1732818602.jpg,True,882
150,imaging_lens_position_7.0_cam_0_1732501802.jpg,True,419
151,imaging_lens_position_7.0_cam_0_1732836602.jpg,True,205
152,imaging_lens_position_7.0_cam_0_1731015002.jpg,False,0
153,imaging_lens_position_7.0_cam_0_1731997802.jpg,True,130
154,imaging_lens_position_7.0_cam_0_1731749402.jpg,False,0
155,imaging_lens_position_7.0_cam_0_1732041002.jpg,True,107
156,imaging_lens_position_7.0_cam_0_1732678202.jpg,True,443
157,imaging_lens_position_7.0_cam_0_1731443402.jpg,False,0
158,imaging_lens_position_7.0_cam_0_1733229002.jpg,True,1439
159,imaging_lens_position_7.0_cam_0_1732955402.jpg,True,631
160,imaging_lens_position_7.0_cam_0_1731645002.jpg,False,0
161,imaging_lens_position_7.0_cam_0_1733239802.jpg,True,1449
162,imaging_lens_position_7.0_cam_0_1732861802.jpg,True,617
163,imaging_lens_position_7.0_cam_0_1731475802.jpg,False,0
164,imaging_lens_position_7.0_cam_0_1732192202.jpg,True,170
165,imaging_lens_position_7.0_cam_0_1733135402.jpg,True,1056
166,imaging_lens_position_7.0_cam_0_1732401002.jpg,True,346
167,imaging_lens_position_7.0_cam_0_1732753802.jpg,True,622
168,imaging_lens_position_7.0_cam_0_1732267802.jpg,True,407
169,imaging_lens_position_7.0_cam_0_1731313802.jpg,False,0
170,imaging_lens_position_7.0_cam_0_1733110202.jpg,True,773
171,imaging_lens_position_7.0_cam_0_1731551402.jpg,False,0
172,imaging_lens_position_7.0_cam_0_1731537002.jpg,False,0
173,imaging_lens_position_7.0_cam_0_1730999359.jpg,False,0
174,imaging_lens_position_7.0_cam_0_1733189402.jpg,True,1603
175,imaging_lens_position_7.0_cam_0_1731162602.jpg,False,0
176,imaging_lens_position_7.0_cam_0_1732908602.jpg,True,168
177,imaging_lens_position_7.0_cam_0_1732440602.jpg,True,520
178,imaging_lens_position_7.0_cam_0_1732487402.jpg,True,185
179,imaging_lens_position_7.0_cam_0_1731843002.jpg,True,160
180,imaging_lens_position_7.0_cam_0_1731907802.jpg,True,178
181,imaging_lens_position_7.0_cam_0_1731299402.jpg,False,0
182,imaging_lens_position_7.0_cam_0_1731760202.jpg,False,0
183,imaging_lens_position_7.0_cam_0_1732962602.jpg,True,609
184,imaging_lens_position_7.0_cam_0_1732707002.jpg,True,540
185,imaging_lens_position_7.0_cam_0_1731508202.jpg,False,0
186,imaging_lens_position_7.0_cam_0_1731641402.jpg,True,129
187,imaging_lens_position_7.0_cam_0_1731479402.jpg,False,0
188,imaging_lens_position_7.0_cam_0_1732156202.jpg,True,182
189,imaging_lens_position_7.0_cam_0_1731565802.jpg,False,0
190,imaging_lens_position_7.0_cam_0_1731648602.jpg,True,131
191,imaging_lens_position_7.0_cam_0_1732188602.jpg,True,174
192,imaging_lens_position_7.0_cam_0_1732998602.jpg,True,194
193,imaging_lens_position_7.0_cam_0_1732134602.jpg,True,163
194,imaging_lens_position_7.0_cam_0_1731569402.jpg,False,0
195,imaging_lens_position_7.0_cam_0_1732674602.jpg,True,172
196,imaging_lens_position_7.0_cam_0_1732271402.jpg,True,370
197,imaging_lens_position_7.0_cam_0_1732451402.jpg,True,448
198,imaging_lens_position_7.0_cam_0_1733139002.jpg,True,1359
199,imaging_lens_position_7.0_cam_0_1732786202.jpg,True,184
200,imaging_lens_position_7.0_cam_0_1733128202.jpg,True,210
201,imaging_lens_position_7.0_cam_0_1731414602.jpg,False,0
202,imaging_lens_position_7.0_cam_0_1732872602.jpg,True,490
203,imaging_lens_position_7.0_cam_0_1731753002.jpg,False,0
204,imaging_lens_position_7.0_cam_0_1732966202.jpg,True,676
205,imaging_lens_position_7.0_cam_0_1732465802.jpg,True,548
206,imaging_lens_position_7.0_cam_0_1732318202.jpg,True,434
207,imaging_lens_position_7.0_cam_0_1731591002.jpg,False,0
208,imaging_lens_position_7.0_cam_0_1732152602.jpg,True,180
209,imaging_lens_position_7.0_cam_0_1731915002.jpg,True,232
210,imaging_lens_position_7.0_cam_0_1733279402.jpg,True,1750
211,imaging_lens_position_7.0_cam_0_1732926602.jpg,True,210
212,imaging_lens_position_7.0_cam_0_1731745802.jpg,False,0
213,imaging_lens_position_7.0_cam_0_1732048202.jpg,True,105
214,imaging_lens_position_7.0_cam_0_1731976202.jpg,True,138
215,imaging_lens_position_7.0_cam_0_1731893402.jpg,True,163
216,imaging_lens_position_7.0_cam_0_1732883402.jpg,True,210
217,imaging_lens_position_7.0_cam_0_1731875402.jpg,True,164
218,imaging_lens_position_7.0_cam_0_1732325402.jpg,True,172
219,imaging_lens_position_7.0_cam_0_1731519002.jpg,False,0
220,imaging_lens_position_7.0_cam_0_1732541402.jpg,True,212
221,imaging_lens_position_7.0_cam_0_1732415402.jpg,True,156
222,imaging_lens_position_7.0_cam_0_1732509002.jpg,True,184
223,imaging_lens_position_7.0_cam_0_1731353402.jpg,False,0
224,imaging_lens_position_7.0_cam_0_1732735802.jpg,True,586
225,imaging_lens_position_7.0_cam_0_1732717802.jpg,True,631
226,imaging_lens_position_7.0_cam_0_1731274202.jpg,False,0
227,imaging_lens_position_7.0_cam_0_1732577402.jpg,True,188
228,imaging_lens_position_7.0_cam_0_1731263402.jpg,False,0
229,imaging_lens_position_7.0_cam_0_1732444202.jpg,True,460
230,imaging_lens_position_7.0_cam_0_1731691802.jpg,False,0
231,imaging_lens_position_7.0_cam_0_1731839402.jpg,True,172
232,imaging_lens_position_7.0_cam_0_1733232602.jpg,True,1219
233,imaging_lens_position_7.0_cam_0_1731497402.jpg,False,0
234,imaging_lens_position_7.0_cam_0_1732469402.jpg,True,486
235,imaging_lens_position_7.0_cam_0_1732948202.jpg,True,572
236,imaging_lens_position_7.0_cam_0_1731490202.jpg,False,0
237,imaging_lens_position_7.0_cam_0_1731231002.jpg,False,0
238,imaging_lens_position_7.0_cam_0_1732339802.jpg,True,207
239,imaging_lens_position_7.0_cam_0_1732293002.jpg,True,386
240,imaging_lens_position_7.0_cam_0_1732793402.jpg,True,203
241,imaging_lens_position_7.0_cam_0_1731576602.jpg,False,0
242,imaging_lens_position_7.0_cam_0_1733106602.jpg,True,950
243,imaging_lens_position_7.0_cam_0_1732386602.jpg,True,188
244,imaging_lens_position_7.0_cam_0_1731911402.jpg,True,202
245,imaging_lens_position_7.0_cam_0_1732782602.jpg,True,224
246,imaging_lens_position_7.0_cam_0_1733131802.jpg,True,783
247,imaging_lens_position_7.0_cam_0_1731792602.jpg,True,141
248,imaging_lens_position_7.0_cam_0_1731270602.jpg,False,0
249,imaging_lens_position_7.0_cam_0_1732890602.jpg,True,861
250,imaging_lens_position_7.0_cam_0_1731166202.jpg,False,0
251,imaging_lens_position_7.0_cam_0_1731720602.jpg,False,0
252,MAGN_current.jpg,True,3086
253,imaging_lens_position_7.0_cam_0_1732149002.jpg,True,183
254,imaging_lens_position_7.0_cam_0_1731965402.jpg,True,122
255,imaging_lens_position_7.0_cam_0_1732710602.jpg,True,870
256,imaging_lens_position_7.0_cam_0_1732833002.jpg,True,528
257,imaging_lens_position_7.0_cam_0_1731810602.jpg,True,133
258,imaging_lens_position_7.0_cam_0_1733218202.jpg,True,1428
259,imaging_lens_position_7.0_cam_0_1732703402.jpg,True,538
260,imaging_lens_position_7.0_cam_0_1732779002.jpg,True,422
261,imaging_lens_position_7.0_cam_0_1731897002.jpg,True,159
262,imaging_lens_position_7.0_cam_0_1731101402.jpg,False,0
263,imaging_lens_position_7.0_cam_0_1731771002.jpg,False,0
264,imaging_lens_position_7.0_cam_0_1731079802.jpg,False,0
265,imaging_lens_position_7.0_cam_0_1731187802.jpg,False,0
266,imaging_lens_position_7.0_cam_0_1732206602.jpg,True,162
267,imaging_lens_position_7.0_cam_0_1731108602.jpg,False,0
268,imaging_lens_position_7.0_cam_0_1732159802.jpg,True,245
269,imaging_lens_position_7.0_cam_0_1731126602.jpg,False,0
270,imaging_lens_position_7.0_cam_0_1731724202.jpg,False,0
271,imaging_lens_position_7.0_cam_0_1731339002.jpg,False,0
272,imaging_lens_position_7.0_cam_0_1732512602.jpg,True,657
273,imaging_lens_position_7.0_cam_0_1731436202.jpg,False,0
274,imaging_lens_position_7.0_cam_0_1732084202.jpg,True,188
275,imaging_lens_position_7.0_cam_0_1732649402.jpg,True,538
276,imaging_lens_position_7.0_cam_0_1732959002.jpg,True,665
277,imaging_lens_position_7.0_cam_0_1732581002.jpg,True,182
278,imaging_lens_position_7.0_cam_0_1731781802.jpg,True,114
279,imaging_lens_position_7.0_cam_0_1731223802.jpg,False,0
280,imaging_lens_position_7.0_cam_0_1732923002.jpg,True,852
281,imaging_lens_position_7.0_cam_0_1732372202.jpg,True,188
282,imaging_lens_position_7.0_cam_0_1733268602.jpg,True,1745
283,imaging_lens_position_7.0_cam_0_1733265002.jpg,True,1737
284,imaging_lens_position_7.0_cam_0_1733121002.jpg,True,1501
285,imaging_lens_position_7.0_cam_0_1733175002.jpg,True,1007
286,imaging_lens_position_7.0_cam_0_1731864602.jpg,True,146
287,imaging_lens_position_7.0_cam_0_1732804202.jpg,True,846
288,imaging_lens_position_7.0_cam_0_1731605402.jpg,False,0
289,imaging_lens_position_7.0_cam_0_1732123802.jpg,True,168
290,imaging_lens_position_7.0_cam_0_1731681002.jpg,False,0
291,imaging_lens_position_7.0_cam_0_1731425402.jpg,False,0
292,imaging_lens_position_7.0_cam_0_1732573802.jpg,True,197
293,imaging_lens_position_7.0_cam_0_1731061802.jpg,False,0
294,imaging_lens_position_7.0_cam_0_1733297402.jpg,True,1566
295,imaging_lens_position_7.0_cam_0_1731173402.jpg,False,0
296,imaging_lens_position_7.0_cam_0_1731742202.jpg,False,0
297,imaging_lens_position_7.0_cam_0_1731767402.jpg,False,0
298,imaging_lens_position_7.0_cam_0_1732437002.jpg,True,541
299,imaging_lens_position_7.0_cam_0_1731292202.jpg,False,0
300,imaging_lens_position_7.0_cam_0_1732368602.jpg,True,155
301,imaging_lens_position_7.0_cam_0_1731663002.jpg,False,0
302,imaging_lens_position_7.0_cam_0_1731119402.jpg,False,0
303,imaging_lens_position_7.0_cam_0_1732311002.jpg,True,175
304,imaging_lens_position_7.0_cam_0_1731285002.jpg,False,0
305,imaging_lens_position_7.0_cam_0_1731112202.jpg,False,0
306,imaging_lens_position_7.0_cam_0_1731043802.jpg,False,0
307,imaging_lens_position_7.0_cam_0_1731630602.jpg,False,0
308,imaging_lens_position_7.0_cam_0_1733027402.jpg,True,1499
309,imaging_lens_position_7.0_cam_0_1732476602.jpg,True,485
310,imaging_lens_position_7.0_cam_0_1731925802.jpg,True,170
311,imaging_lens_position_7.0_cam_0_1731529802.jpg,False,0
312,imaging_lens_position_7.0_cam_0_1731432602.jpg,False,0
313,imaging_lens_position_7.0_cam_0_1731778202.jpg,True,112
314,imaging_lens_position_7.0_cam_0_1733009402.jpg,True,884
315,imaging_lens_position_7.0_cam_0_1733221802.jpg,True,1219
316,imaging_lens_position_7.0_cam_0_1732609802.jpg,True,545
317,imaging_lens_position_7.0_cam_0_1732905002.jpg,True,176
318,imaging_lens_position_7.0_cam_0_1732422602.jpg,True,375
319,imaging_lens_position_7.0_cam_0_1731072602.jpg,False,0
320,imaging_lens_position_7.0_cam_0_1731598202.jpg,False,0
321,imaging_lens_position_7.0_cam_0_1732897802.jpg,True,197
322,imaging_lens_position_7.0_cam_0_1733045402.jpg,True,932
323,imaging_lens_position_7.0_cam_0_1731511802.jpg,False,0
324,imaging_lens_position_7.0_cam_0_1731047402.jpg,False,0
325,imaging_lens_position_7.0_cam_0_1731994202.jpg,True,147
326,imaging_lens_position_7.0_cam_0_1731555002.jpg,False,0
327,imaging_lens_position_7.0_cam_0_1731731402.jpg,False,0
328,imaging_lens_position_7.0_cam_0_1732023002.jpg,True,103
329,imaging_lens_position_7.0_cam_0_1732426202.jpg,True,368
330,imaging_lens_position_7.0_cam_0_1731634202.jpg,False,0
331,imaging_lens_position_7.0_cam_0_1731213002.jpg,False,0
332,imaging_lens_position_7.0_cam_0_1731616202.jpg,False,0
333,imaging_lens_position_7.0_cam_0_1731702602.jpg,False,0
334,imaging_lens_position_7.0_cam_0_1733049002.jpg,True,844
335,imaging_lens_position_7.0_cam_0_1731807002.jpg,True,135
336,imaging_lens_position_7.0_cam_0_1732725002.jpg,True,573
337,imaging_lens_position_7.0_cam_0_1731357002.jpg,False,0
338,imaging_lens_position_7.0_cam_0_1732743002.jpg,True,527
339,imaging_lens_position_7.0_cam_0_1733117402.jpg,True,829
340,imaging_lens_position_7.0_cam_0_1730999404.jpg,False,0
341,imaging_lens_position_7.0_cam_0_1731526202.jpg,False,0
342,imaging_lens_position_7.0_cam_0_1732185002.jpg,True,152
343,imaging_lens_position_7.0_cam_0_1731227402.jpg,False,0
344,imaging_lens_position_7.0_cam_0_1731587402.jpg,False,0
345,imaging_lens_position_7.0_cam_0_1733056202.jpg,True,872
346,imaging_lens_position_7.0_cam_0_1731789002.jpg,True,144
347,imaging_lens_position_7.0_cam_0_1731094202.jpg,False,0
348,imaging_lens_position_7.0_cam_0_1731846602.jpg,True,93
349,imaging_lens_position_7.0_cam_0_1732390202.jpg,True,456
350,imaging_lens_position_7.0_cam_0_1732815002.jpg,True,880
351,imaging_lens_position_7.0_cam_0_1731403802.jpg,False,0
352,imaging_lens_position_7.0_cam_0_1731133802.jpg,False,0
353,imaging_lens_position_7.0_cam_0_1733099402.jpg,True,911
354,imaging_lens_position_7.0_cam_0_1732606202.jpg,True,193
355,imaging_lens_position_7.0_cam_0_1732984202.jpg,True,672
356,imaging_lens_position_7.0_cam_0_1732145402.jpg,True,170
357,imaging_lens_position_7.0_cam_0_1732102202.jpg,True,164
358,imaging_lens_position_7.0_cam_0_1732602602.jpg,True,181
359,imaging_lens_position_7.0_cam_0_1731169802.jpg,False,0
360,imaging_lens_position_7.0_cam_0_1732336202.jpg,True,446
361,imaging_lens_position_7.0_cam_0_1733207402.jpg,True,1743
362,imaging_lens_position_7.0_cam_0_1731450602.jpg,False,0
363,imaging_lens_position_7.0_cam_0_1732167002.jpg,True,203
364,imaging_lens_position_7.0_cam_0_1731900602.jpg,True,145
365,imaging_lens_position_7.0_cam_0_1731195002.jpg,False,0
366,imaging_lens_position_7.0_cam_0_1730995601.jpg,True,56
367,imaging_lens_position_7.0_cam_0_1731533402.jpg,False,0
368,imaging_lens_position_7.0_cam_0_1731155402.jpg,False,0
369,imaging_lens_position_7.0_cam_0_1731141002.jpg,False,0
370,imaging_lens_position_7.0_cam_0_1733211002.jpg,True,1283
371,imaging_lens_position_7.0_cam_0_1732321802.jpg,True,189
372,imaging_lens_position_7.0_cam_0_1732944602.jpg,True,589
373,imaging_lens_position_7.0_cam_0_1732062602.jpg,True,161
374,imaging_lens_position_7.0_cam_0_1731803402.jpg,False,0
375,imaging_lens_position_7.0_cam_0_1732001402.jpg,True,141
376,imaging_lens_position_7.0_cam_0_1732930202.jpg,True,204
377,imaging_lens_position_7.0_cam_0_1731580202.jpg,False,0
378,imaging_lens_position_7.0_cam_0_1731835802.jpg,True,159
379,imaging_lens_position_7.0_cam_0_1731904202.jpg,True,161
380,imaging_lens_position_7.0_cam_0_1732033802.jpg,True,100
381,imaging_lens_position_7.0_cam_0_1732447802.jpg,True,431
382,imaging_lens_position_7.0_cam_0_1732379402.jpg,True,445
383,imaging_lens_position_7.0_cam_0_1731421802.jpg,False,0
384,imaging_lens_position_7.0_cam_0_1731454202.jpg,False,0
385,imaging_lens_position_7.0_cam_0_1732303802.jpg,True,382
386,imaging_lens_position_7.0_cam_0_1732429802.jpg,True,142
387,imaging_lens_position_7.0_cam_0_1731447002.jpg,False,0
388,imaging_lens_position_7.0_cam_0_1731123002.jpg,False,0
389,imaging_lens_position_7.0_cam_0_1731180602.jpg,False,0
390,imaging_lens_position_7.0_cam_0_1733160602.jpg,True,1268
391,imaging_lens_position_7.0_cam_0_1733034602.jpg,True,918
392,imaging_lens_position_7.0_cam_0_1733214602.jpg,True,1482
393,imaging_lens_position_7.0_cam_0_1733149802.jpg,True,562
394,imaging_lens_position_7.0_cam_0_1731465002.jpg,False,0
395,imaging_lens_position_7.0_cam_0_1731544202.jpg,True,4465
396,imaging_lens_position_7.0_cam_0_1732991402.jpg,True,180
397,imaging_lens_position_7.0_cam_0_1732375802.jpg,True,188
398,imaging_lens_position_7.0_cam_0_1731429002.jpg,False,0
399,imaging_lens_position_7.0_cam_0_1731346202.jpg,False,0
400,imaging_lens_position_7.0_cam_0_1732235402.jpg,True,168
401,imaging_lens_position_7.0_cam_0_1731861002.jpg,True,145
402,imaging_lens_position_7.0_cam_0_1733275802.jpg,True,1741
403,imaging_lens_position_7.0_cam_0_1732851002.jpg,True,596
404,imaging_lens_position_7.0_cam_0_1731655802.jpg,False,0
405,imaging_lens_position_7.0_cam_0_1731774602.jpg,False,0
406,imaging_lens_position_7.0_cam_0_1732887002.jpg,True,213
407,imaging_lens_position_7.0_cam_0_1732278602.jpg,True,165
408,imaging_lens_position_7.0_cam_0_1732563002.jpg,True,181
409,imaging_lens_position_7.0_cam_0_1733250602.jpg,True,1429
410,imaging_lens_position_7.0_cam_0_1732253402.jpg,True,196
411,imaging_lens_position_7.0_cam_0_1733077802.jpg,True,1522
412,imaging_lens_position_7.0_cam_0_1732030202.jpg,True,99
413,imaging_lens_position_7.0_cam_0_1731090602.jpg,False,0
414,imaging_lens_position_7.0_cam_0_1732739402.jpg,True,622
415,imaging_lens_position_7.0_cam_0_1732667402.jpg,True,173
416,imaging_lens_position_7.0_cam_0_1732620602.jpg,True,194
417,imaging_lens_position_7.0_cam_0_1732663802.jpg,True,441
418,imaging_lens_position_7.0_cam_0_1732721402.jpg,True,878
419,imaging_lens_position_7.0_cam_0_1732458602.jpg,True,447
420,imaging_lens_position_7.0_cam_0_1732746602.jpg,True,623
421,imaging_lens_position_7.0_cam_0_1731457802.jpg,False,0
422,imaging_lens_position_7.0_cam_0_1731961802.jpg,True,147
423,imaging_lens_position_7.0_cam_0_1733005802.jpg,True,840
424,imaging_lens_position_7.0_cam_0_1732350602.jpg,True,498
425,imaging_lens_position_7.0_cam_0_1731821402.jpg,True,126
426,imaging_lens_position_7.0_cam_0_1733031002.jpg,True,1443
427,imaging_lens_position_7.0_cam_0_1732210202.jpg,True,176
428,imaging_lens_position_7.0_cam_0_1732228202.jpg,True,189
429,imaging_lens_position_7.0_cam_0_1732019402.jpg,True,121
430,imaging_lens_position_7.0_cam_0_1732732202.jpg,True,843
431,imaging_lens_position_7.0_cam_0_1731177002.jpg,False,0
432,imaging_lens_position_7.0_cam_0_1731461402.jpg,False,0
433,imaging_lens_position_7.0_cam_0_1733153402.jpg,True,794
434,imaging_lens_position_7.0_cam_0_1732116602.jpg,True,165
435,imaging_lens_position_7.0_cam_0_1731695402.jpg,False,0
436,imaging_lens_position_7.0_cam_0_1732059002.jpg,True,154
437,imaging_lens_position_7.0_cam_0_1732357802.jpg,True,475
438,imaging_lens_position_7.0_cam_0_1731868202.jpg,True,149
439,imaging_lens_position_7.0_cam_0_1732221002.jpg,True,112
440,imaging_lens_position_7.0_cam_0_1733261402.jpg,True,1629
441,imaging_lens_position_7.0_cam_0_1733178602.jpg,True,839
442,imaging_lens_position_7.0_cam_0_1733020202.jpg,True,888
443,imaging_lens_position_7.0_cam_0_1732113002.jpg,True,164
444,imaging_lens_position_7.0_cam_0_1731342602.jpg,False,0
445,imaging_lens_position_7.0_cam_0_1731828602.jpg,True,174
446,imaging_lens_position_7.0_cam_0_1731609002.jpg,False,0
447,imaging_lens_position_7.0_cam_0_1732473002.jpg,True,197
448,imaging_lens_position_7.0_cam_0_1731709802.jpg,False,0
449,imaging_lens_position_7.0_cam_0_1731612602.jpg,False,0
450,imaging_lens_position_7.0_cam_0_1730554202.jpg,True,2579
451,imaging_lens_position_7.0_cam_0_1732660202.jpg,True,186
452,imaging_lens_position_7.0_cam_0_1733074202.jpg,True,911
453,imaging_lens_position_7.0_cam_0_1732383002.jpg,True,445
454,imaging_lens_position_7.0_cam_0_1732329002.jpg,True,348
455,imaging_lens_position_7.0_cam_0_1732545002.jpg,True,193
456,imaging_lens_position_7.0_cam_0_1733182202.jpg,True,1602
457,imaging_lens_position_7.0_cam_0_1733063402.jpg,True,918
458,imaging_lens_position_7.0_cam_0_1732757402.jpg,True,629
459,imaging_lens_position_7.0_cam_0_1732343402.jpg,True,240
460,imaging_lens_position_7.0_cam_0_1732656602.jpg,True,172
461,imaging_lens_position_7.0_cam_0_1733196602.jpg,True,1601
462,imaging_lens_position_7.0_cam_0_1732037402.jpg,True,102
463,imaging_lens_position_7.0_cam_0_1731234602.jpg,False,0
464,imaging_lens_position_7.0_cam_0_1731137402.jpg,False,0
465,imaging_lens_position_7.0_cam_0_1732807802.jpg,True,833
466,imaging_lens_position_7.0_cam_0_1732523402.jpg,True,529
467,imaging_lens_position_7.0_cam_0_1731486602.jpg,False,0
468,imaging_lens_position_7.0_cam_0_1732537802.jpg,True,647
469,imaging_lens_position_7.0_cam_0_1733225402.jpg,True,1460
470,imaging_lens_position_7.0_cam_0_1732217402.jpg,True,130
471,imaging_lens_position_7.0_cam_0_1731083402.jpg,False,0
472,imaging_lens_position_7.0_cam_0_1732638602.jpg,True,814
473,imaging_lens_position_7.0_cam_0_1732685402.jpg,True,172
474,imaging_lens_position_7.0_cam_0_1732627802.jpg,True,809
475,imaging_lens_position_7.0_cam_0_1731018602.jpg,False,0
476,imaging_lens_position_7.0_cam_0_1731547802.jpg,False,0
477,imaging_lens_position_7.0_cam_0_1733067002.jpg,True,1365
478,imaging_lens_position_7.0_cam_0_1731321002.jpg,False,0
479,imaging_lens_position_7.0_cam_0_1731439802.jpg,False,0
480,imaging_lens_position_7.0_cam_0_1731756602.jpg,False,0
481,imaging_lens_position_7.0_cam_0_1732246202.jpg,True,198
482,imaging_lens_position_7.0_cam_0_1733088602.jpg,True,873
483,imaging_lens_position_7.0_cam_0_1731882602.jpg,True,158
484,imaging_lens_position_7.0_cam_0_1732138202.jpg,True,180
485,imaging_lens_position_7.0_cam_0_1732937402.jpg,True,199
486,imaging_lens_position_7.0_cam_0_1731987002.jpg,True,193
487,imaging_lens_position_7.0_cam_0_1732692602.jpg,True,528
488,imaging_lens_position_7.0_cam_0_1731706202.jpg,False,0
489,imaging_lens_position_7.0_cam_0_1732361402.jpg,True,447
490,imaging_lens_position_7.0_cam_0_1732624202.jpg,True,194
491,imaging_lens_position_7.0_cam_0_1731673802.jpg,False,0
492,imaging_lens_position_7.0_cam_0_1731371402.jpg,False,0
493,imaging_lens_position_7.0_cam_0_1730496602.jpg,True,2478
494,imaging_lens_position_7.0_cam_0_1731252602.jpg,False,0
495,imaging_lens_position_7.0_cam_0_1732843802.jpg,True,221
496,imaging_lens_position_7.0_cam_0_1732080602.jpg,True,170
497,imaging_lens_position_7.0_cam_0_1732498202.jpg,True,521
498,imaging_lens_position_7.0_cam_0_1731396602.jpg,False,0
499,imaging_lens_position_7.0_cam_0_1731951002.jpg,True,139
500,imaging_lens_position_7.0_cam_0_1731958235.jpg,True,144
501,imaging_lens_position_7.0_cam_0_1732912202.jpg,True,208
502,imaging_lens_position_7.0_cam_0_1732181402.jpg,True,162
503,imaging_lens_position_7.0_cam_0_1732613402.jpg,True,849
504,imaging_lens_position_7.0_cam_0_1733283002.jpg,True,1759
505,imaging_lens_position_7.0_cam_0_1733002202.jpg,True,191
506,imaging_lens_position_7.0_cam_0_1731796202.jpg,True,144
507,imaging_lens_position_7.0_cam_0_1733113802.jpg,True,766
508,imaging_lens_position_7.0_cam_0_1732869002.jpg,True,608
509,imaging_lens_position_7.0_cam_0_1732768202.jpg,True,225
510,imaging_lens_position_7.0_cam_0_1731670202.jpg,False,0
511,imaging_lens_position_7.0_cam_0_1731349802.jpg,False,0
512,imaging_lens_position_7.0_cam_0_1731209402.jpg,False,0
513,imaging_lens_position_7.0_cam_0_1731310202.jpg,False,0
514,imaging_lens_position_7.0_cam_0_1731306602.jpg,False,0
515,imaging_lens_position_7.0_cam_0_1732980602.jpg,True,660
516,imaging_lens_position_7.0_cam_0_1731389402.jpg,False,0
517,imaging_lens_position_7.0_cam_0_1732797002.jpg,True,832
518,imaging_lens_position_7.0_cam_0_1732969802.jpg,True,645
519,imaging_lens_position_7.0_cam_0_1732026602.jpg,True,121
520,imaging_lens_position_7.0_cam_0_1731652202.jpg,False,0
521,imaging_lens_position_7.0_cam_0_1732332602.jpg,True,204
522,imaging_lens_position_7.0_cam_0_1733059802.jpg,True,918
523,imaging_lens_position_7.0_cam_0_1731245402.jpg,False,0
524,imaging_lens_position_7.0_cam_0_1732257002.jpg,True,194
525,imaging_lens_position_7.0_cam_0_1731393002.jpg,False,0
526,imaging_lens_position_7.0_cam_0_1731504602.jpg,False,0
527,imaging_lens_position_7.0_cam_0_1732811402.jpg,True,910
528,imaging_lens_position_7.0_cam_0_1731058202.jpg,False,0
529,imaging_lens_position_7.0_cam_0_1731259802.jpg,False,0
530,imaging_lens_position_7.0_cam_0_1733092202.jpg,True,868
531,imaging_lens_position_7.0_cam_0_1731418202.jpg,False,0
532,imaging_lens_position_7.0_cam_0_1732635002.jpg,True,197
533,imaging_lens_position_7.0_cam_0_1732829402.jpg,True,205
534,imaging_lens_position_7.0_cam_0_1731025802.jpg,False,0
535,imaging_lens_position_7.0_cam_0_1731522602.jpg,False,0
536,imaging_lens_position_7.0_cam_0_1731983402.jpg,True,143
537,imaging_lens_position_7.0_cam_0_1732491002.jpg,True,551
538,imaging_lens_position_7.0_cam_0_1732566602.jpg,True,199
539,imaging_lens_position_7.0_cam_0_1731076202.jpg,False,0
540,imaging_lens_position_7.0_cam_0_1732591802.jpg,True,190
541,imaging_lens_position_7.0_cam_0_1731281402.jpg,False,0
542,imaging_lens_position_7.0_cam_0_1732534202.jpg,True,209
543,imaging_lens_position_7.0_cam_0_1732800602.jpg,True,857
544,imaging_lens_position_7.0_cam_0_1732552202.jpg,True,553
545,imaging_lens_position_7.0_cam_0_1733016602.jpg,True,876
546,imaging_lens_position_7.0_cam_0_1733167802.jpg,True,1379
547,imaging_lens_position_7.0_cam_0_1732671002.jpg,True,403
548,imaging_lens_position_7.0_cam_0_1732296602.jpg,True,382
549,imaging_lens_position_7.0_cam_0_1732365002.jpg,True,436
550,imaging_lens_position_7.0_cam_0_1731684602.jpg,False,0
551,imaging_lens_position_7.0_cam_0_1731303002.jpg,False,0
552,imaging_lens_position_7.0_cam_0_1732433402.jpg,True,182
553,imaging_lens_position_7.0_cam_0_1732131002.jpg,True,156
554,imaging_lens_position_7.0_cam_0_1732249802.jpg,True,201
555,imaging_lens_position_7.0_cam_0_1732941002.jpg,True,178
556,imaging_lens_position_7.0_cam_0_1732933802.jpg,True,198
557,imaging_lens_position_7.0_cam_0_1732764602.jpg,True,226
558,imaging_lens_position_7.0_cam_0_1732174202.jpg,True,243
559,imaging_lens_position_7.0_cam_0_1731825002.jpg,True,127
560,imaging_lens_position_7.0_cam_0_1731889802.jpg,True,158
561,imaging_lens_position_7.0_cam_0_1732653002.jpg,True,179
562,imaging_lens_position_7.0_cam_0_1733247002.jpg,True,1426
563,imaging_lens_position_7.0_cam_0_1733272202.jpg,True,1729
564,imaging_lens_position_7.0_cam_0_1733081402.jpg,True,929
565,imaging_lens_position_7.0_cam_0_1732289402.jpg,True,189
566,imaging_lens_position_7.0_cam_0_1731385802.jpg,False,0
567,imaging_lens_position_7.0_cam_0_1732242602.jpg,True,190
568,imaging_lens_position_7.0_cam_0_1731202202.jpg,False,0
569,imaging_lens_position_7.0_cam_0_1731727802.jpg,False,0
570,imaging_lens_position_7.0_cam_0_1733193002.jpg,True,1621
571,imaging_lens_position_7.0_cam_0_1731007802.jpg,False,0
572,imaging_lens_position_7.0_cam_0_1733200202.jpg,True,1601
573,imaging_lens_position_7.0_cam_0_1730520171.jpg,True,2543
574,imaging_lens_position_7.0_cam_0_1732987802.jpg,True,672
575,imaging_lens_position_7.0_cam_0_1731220202.jpg,False,0
576,imaging_lens_position_7.0_cam_0_1732750202.jpg,True,574
577,imaging_lens_position_7.0_cam_0_1732599002.jpg,True,212
578,imaging_lens_position_7.0_cam_0_1732480202.jpg,True,524
579,imaging_lens_position_7.0_cam_0_1731601802.jpg,False,0
580,imaging_lens_position_7.0_cam_0_1732069802.jpg,True,122
581,imaging_lens_position_7.0_cam_0_1732012202.jpg,True,101
582,imaging_lens_position_7.0_cam_0_1732141802.jpg,True,184
583,imaging_lens_position_7.0_cam_0_1732455002.jpg,True,165
584,imaging_lens_position_7.0_cam_0_1732462202.jpg,True,432
585,imaging_lens_position_7.0_cam_0_1731540602.jpg,False,0
586,imaging_lens_position_7.0_cam_0_1732091402.jpg,True,155
587,imaging_lens_position_7.0_cam_0_1732411802.jpg,True,498
588,imaging_lens_position_7.0_cam_0_1731573002.jpg,False,0
589,imaging_lens_position_7.0_cam_0_1731817802.jpg,True,137
590,imaging_lens_position_7.0_cam_0_1732847402.jpg,True,217
591,imaging_lens_position_7.0_cam_0_1732098602.jpg,True,160
592,imaging_lens_position_7.0_cam_0_1731277802.jpg,False,0
593,imaging_lens_position_7.0_cam_0_1732044602.jpg,True,106
594,imaging_lens_position_7.0_cam_0_1731594602.jpg,False,0
595,imaging_lens_position_7.0_cam_0_1732073402.jpg,True,214
596,imaging_lens_position_7.0_cam_0_1731929402.jpg,True,178
597,imaging_lens_position_7.0_cam_0_1732008602.jpg,True,122
598,imaging_lens_position_7.0_cam_0_1731472202.jpg,False,0
599,imaging_lens_position_7.0_cam_0_1731065402.jpg,False,0
600,imaging_lens_position_7.0_cam_0_1733023802.jpg,True,867
601,imaging_lens_position_7.0_cam_0_1731814202.jpg,True,108
602,imaging_lens_position_7.0_cam_0_1731036602.jpg,False,0
603,imaging_lens_position_7.0_cam_0_1733013002.jpg,True,836
604,imaging_lens_position_7.0_cam_0_1731713402.jpg,False,0
605,imaging_lens_position_7.0_cam_0_1731249002.jpg,False,0
606,imaging_lens_position_7.0_cam_0_1732696202.jpg,True,474
607,imaging_lens_position_7.0_cam_0_1731144602.jpg,False,0
608,imaging_lens_position_7.0_cam_0_1732051802.jpg,True,101
609,imaging_lens_position_7.0_cam_0_1732876202.jpg,True,520
610,imaging_lens_position_7.0_cam_0_1732300202.jpg,True,382
611,imaging_lens_position_7.0_cam_0_1732163402.jpg,True,242
612,imaging_lens_position_7.0_cam_0_1731054602.jpg,False,0
613,imaging_lens_position_7.0_cam_0_1731637802.jpg,False,0
614,imaging_lens_position_7.0_cam_0_1731317402.jpg,False,0
615,imaging_lens_position_7.0_cam_0_1731515402.jpg,False,0
616,imaging_lens_position_7.0_cam_0_1731677402.jpg,False,0
617,imaging_lens_position_7.0_cam_0_1732109402.jpg,True,164
618,imaging_lens_position_7.0_cam_0_1732973402.jpg,True,643
619,imaging_lens_position_7.0_cam_0_1732595402.jpg,True,190
620,imaging_lens_position_7.0_cam_0_1732771802.jpg,True,225
621,imaging_lens_position_7.0_cam_0_1733257802.jpg,True,1562
622,imaging_lens_position_7.0_cam_0_1731832202.jpg,True,176
623,imaging_lens_position_7.0_cam_0_1731295802.jpg,False,0
624,imaging_lens_position_7.0_cam_0_1733293802.jpg,True,1769
625,imaging_lens_position_7.0_cam_0_1731151802.jpg,False,0
626,imaging_lens_position_7.0_cam_0_1732354202.jpg,True,454
627,imaging_lens_position_7.0_cam_0_1732789802.jpg,True,752
628,imaging_lens_position_7.0_cam_0_1731922202.jpg,True,178
629,imaging_lens_position_7.0_cam_0_1731763802.jpg,False,0
630,imaging_lens_position_7.0_cam_0_1731033002.jpg,False,0
631,imaging_lens_position_7.0_cam_0_1731216602.jpg,False,0
632,imaging_lens_position_7.0_cam_0_1731241802.jpg,False,0
633,imaging_lens_position_7.0_cam_0_1733085002.jpg,True,919
634,imaging_lens_position_7.0_cam_0_1731785402.jpg,True,115
635,imaging_lens_position_7.0_cam_0_1732015802.jpg,True,103
636,imaging_lens_position_7.0_cam_0_1732224602.jpg,True,214
637,imaging_lens_position_7.0_cam_0_1731198602.jpg,False,0
638,imaging_lens_position_7.0_cam_0_1732307402.jpg,True,173
639,imaging_lens_position_7.0_cam_0_1731148202.jpg,False,0
640,imaging_lens_position_7.0_cam_0_1731623402.jpg,False,0
641,imaging_lens_position_7.0_cam_0_1732681802.jpg,True,655
642,imaging_lens_position_7.0_cam_0_1731022202.jpg,False,0
643,imaging_lens_position_7.0_cam_0_1731288602.jpg,False,0
